"status_id","date","post_type","from_name","link_clicks","post_reach","post_reach_viral","post_video_views","total_comments","total_likes","total_shares"
"1405630409737397_1806900426277058",2017-08-02,"video","We are mitu",64,363141,11768,124999,86,697,96
"1405630409737397_1807960972837670",2017-08-03,"photo","We are mitu",82,660085,170213,0,4679,7298,1409
"1405630409737397_1807961212837646",2017-08-01,"photo","We are mitu",50,465886,135881,0,2183,10054,1503
"1405630409737397_1807961379504296",2017-08-01,"photo","We are mitu",98,1221341,597315,0,6493,29516,4338
"1405630409737397_1809285929371841",2017-08-01,"video","We are mitu",83,652964,120110,223565,3153,6447,1110
"1405630409737397_1809399752693792",2017-08-02,"video","We are mitu",149,971322,333870,282764,7809,15833,3241
"1405630409737397_1809406289359805",2017-08-03,"video","We are mitu",43,871390,298539,294810,1251,16381,2869
"1405630409737397_1809421596024941",2017-08-01,"video","We are mitu",34,227218,9649,67029,509,1142,159
"1405630409737397_1809428986024202",2017-08-01,"photo","We are mitu",99,423930,90706,0,2242,6158,504
"1405630409737397_1809685749331859",2017-08-01,"link","We are mitu",1110,109264,4349,7,39,483,56
"1405630409737397_1809737862659981",2017-08-01,"link","We are mitu",1441,118379,5497,87,102,250,45
"1405630409737397_1809776025989498",2017-08-01,"link","We are mitu",2117,111293,445,8,20,55,5
"1405630409737397_1809801905986910",2017-08-02,"photo","We are mitu",67,792705,301573,0,4688,21011,3213
"1405630409737397_1809819345985166",2017-08-01,"video","We are mitu",244,259116,5934,73110,36,913,0
"1405630409737397_1809829449317489",2017-08-02,"link","We are mitu",6722,270769,32370,155,922,1065,161
"1405630409737397_1809837445983356",2017-08-01,"link","We are mitu",441,35563,359,154,3,132,16
"1405630409737397_1809839489316485",2017-08-01,"photo","We are mitu",175,994104,332887,0,10854,12742,1643
"1405630409737397_1809840142649753",2017-08-01,"photo","We are mitu",19,285700,52169,0,748,4588,591
"1405630409737397_1809840749316359",2017-08-01,"photo","We are mitu",49,599082,200762,0,3441,13776,1492
"1405630409737397_1809848329315601",2017-08-01,"link","We are mitu",441,36903,632,109,11,121,8
"1405630409737397_1809848802648887",2017-08-01,"link","We are mitu",225667,2262669,944811,12,5364,17610,3464
"1405630409737397_1809860679314366",2017-08-02,"photo","We are mitu",9,280802,43794,0,1532,2285,356
"1405630409737397_1809862549314179",2017-08-01,"photo","We are mitu",325,1219017,601466,0,4915,41349,4379
"1405630409737397_1809919482641819",2017-08-02,"video","We are mitu",142,448397,65408,145915,2128,4916,733
"1405630409737397_1809926515974449",2017-08-01,"video","We are mitu",1262,3836961,1551004,1330903,7116,32130,11036
"1405630409737397_1809957135971387",2017-08-01,"link","We are mitu",654,95354,4046,5,84,733,59
"1405630409737397_1809957909304643",2017-08-03,"link","We are mitu",3603,313665,10757,1,134,1098,139
"1405630409737397_1809959005971200",2017-08-02,"photo","We are mitu",158,1325983,711871,0,6405,48413,7435
"1405630409737397_1809959415971159",2017-08-02,"photo","We are mitu",156,869360,366953,0,6096,18732,2980
"1405630409737397_1809959589304475",2017-08-03,"photo","We are mitu",95,605832,165138,0,3910,9037,1517
"1405630409737397_1809979305969170",2017-08-01,"link","We are mitu",485,74684,1331,124,61,198,32
"1405630409737397_1810175259282908",2017-08-02,"link","We are mitu",5032,159231,5813,59,268,373,32
"1405630409737397_1810285965938504",2017-08-02,"link","We are mitu",12826,531169,94720,5,1101,6451,746
"1405630409737397_1810287915938309",2017-08-02,"video","We are mitu",131,2453843,153892,961810,600,7014,840
"1405630409737397_1810304742603293",2017-08-02,"link","We are mitu",2625,91006,278,1,20,60,5
"1405630409737397_1810307825936318",2017-08-02,"photo","We are mitu",71,329433,87082,0,973,8924,1074
"1405630409737397_1810338792599888",2017-08-02,"photo","We are mitu",102,805337,264771,0,6215,15747,1845
"1405630409737397_1810339445933156",2017-08-03,"video","We are mitu",124,1832236,268807,476414,2522,4806,1513
"1405630409737397_1810339632599804",2017-08-03,"photo","We are mitu",18,423770,124854,0,1764,12338,1349
"1405630409737397_1810339949266439",2017-08-03,"photo","We are mitu",39,1200760,620860,0,5957,37704,6819
"1405630409737397_1810360202597747",2017-08-02,"video","We are mitu",501,1623698,764899,359356,3992,23883,5865
"1405630409737397_1810392789261155",2017-08-03,"video","We are mitu",471,789654,133780,220062,1110,3245,577
"1405630409737397_1810394119261022",2017-08-03,"link","We are mitu",615,63354,646,0,33,83,9
"1405630409737397_1810395369260897",2017-08-02,"video","We are mitu",352,8381541,7244583,2965361,94979,241682,54168
"1405630409737397_1810426869257747",2017-08-04,"video","We are mitu",207,760373,214833,310638,2843,8661,1806
"1405630409737397_1810450855922015",2017-08-02,"link","We are mitu",24166,522470,181074,142,469,10406,1098
"1405630409737397_1810488825918218",2017-08-02,"link","We are mitu",8628,350970,42281,9,723,1781,346
"1405630409737397_1810489922584775",2017-08-03,"link","We are mitu",440,80602,2279,62,117,214,27
"1405630409737397_1810492055917895",2017-08-02,"link","We are mitu",2425,96659,1753,139,20,422,23
"1405630409737397_1810695079230926",2017-08-03,"photo","We are mitu",174,1339340,722309,0,8540,53664,5673
"1405630409737397_1810695565897544",2017-08-03,"photo","We are mitu",51,177127,27033,0,535,2726,317
"1405630409737397_1810825082551259",2017-08-03,"link","We are mitu",10067,277480,9300,116,98,554,22
"1405630409737397_1810842865882814",2017-08-03,"photo","We are mitu",56,529585,151474,0,2490,11228,1523
"1405630409737397_1810868159213618",2017-08-03,"link","We are mitu",900,96346,4251,5,3,946,0
"1405630409737397_1810902319210202",2017-08-03,"video","We are mitu",157,887080,266016,280164,5032,11742,2735
"1405630409737397_1810904839209950",2017-08-03,"link","We are mitu",7145,217392,10104,112,159,589,74
"1405630409737397_1810907705876330",2017-08-05,"link","We are mitu",7032,323623,14037,81,443,525,46
"1405630409737397_1810908149209619",2017-08-04,"link","We are mitu",6473,216782,6353,206,336,328,47
"1405630409737397_1810908939209540",2017-08-04,"link","We are mitu",2851,98910,2152,151,104,151,11
"1405630409737397_1810952462538521",2017-08-03,"link","We are mitu",18182,448581,62929,6,498,2705,318
"1405630409737397_1810953079205126",2017-08-03,"link","We are mitu",7441,207351,4017,167,11,306,11
"1405630409737397_1811035429196891",2017-08-04,"video","We are mitu",235,3251996,2343974,1209238,18693,60507,15200
"1405630409737397_1811037119196722",2017-08-04,"photo","We are mitu",47,1494555,919208,0,6099,62489,10826
"1405630409737397_1811037682529999",2017-08-04,"photo","We are mitu",151,446310,113960,0,2718,8640,1018
"1405630409737397_1811178865849214",2017-08-04,"link","We are mitu",24070,312167,8738,92,61,719,17
"1405630409737397_1811319902501777",2017-08-04,"video","We are mitu",105,1196162,433825,378705,8012,21627,4274
"1405630409737397_1811321465834954",2017-08-04,"video","We are mitu",178,611060,26926,166950,156,2246,0
"1405630409737397_1811325309167903",2017-08-04,"photo","We are mitu",83,942829,322177,0,3300,17996,1538
"1405630409737397_1811326952501072",2017-08-04,"video","We are mitu",68,463054,37892,86642,50,1683,479
"1405630409737397_1811371395829961",2017-08-06,"video","We are mitu",280,3370507,1187371,662076,10322,26323,5480
"1405630409737397_1811376925829408",2017-08-06,"photo","We are mitu",17,1007247,497582,0,1805,36445,5499
"1405630409737397_1811377145829386",2017-08-06,"photo","We are mitu",38,533813,120840,0,2142,6803,980
"1405630409737397_1811377815829319",2017-08-06,"photo","We are mitu",80,486246,113712,0,701,8827,837
"1405630409737397_1811378212495946",2017-08-06,"photo","We are mitu",96,476234,77821,0,2374,4002,358
"1405630409737397_1811378469162587",2017-08-06,"photo","We are mitu",55,903227,334681,0,1975,23480,1841
"1405630409737397_1811378689162565",2017-08-06,"photo","We are mitu",105,520916,130266,0,1235,8286,785
"1405630409737397_1811378849162549",2017-08-06,"photo","We are mitu",68,305697,48993,0,637,4140,379
"1405630409737397_1811379829162451",2017-08-07,"photo","We are mitu",63,912821,322205,0,4901,14606,2391
"1405630409737397_1811382349162199",2017-08-04,"link","We are mitu",3046,239979,22925,264,431,2483,122
"1405630409737397_1811386922495075",2017-08-05,"video","We are mitu",108,1370748,341306,303990,2415,9686,2801
"1405630409737397_1811387292495038",2017-08-06,"video","We are mitu",170,1971315,994807,584553,5158,26310,7777
"1405630409737397_1811389085828192",2017-08-06,"link","We are mitu",1375,87518,239,43,5,34,4
"1405630409737397_1811389815828119",2017-08-05,"link","We are mitu",3724,143797,1262,128,27,109,12
"1405630409737397_1811390019161432",2017-08-05,"link","We are mitu",3972,108399,1593,94,88,277,9
"1405630409737397_1811390992494668",2017-08-06,"link","We are mitu",5936,180532,4935,99,179,416,27
"1405630409737397_1811392412494526",2017-08-05,"link","We are mitu",6222,337298,17794,32,233,1072,126
"1405630409737397_1811392762494491",2017-08-05,"link","We are mitu",2352,160372,2504,226,57,176,14
"1405630409737397_1811394292494338",2017-08-05,"link","We are mitu",2717,128556,2470,8,21,254,31
"1405630409737397_1811394905827610",2017-08-05,"link","We are mitu",5736,240483,42579,126,887,2538,353
"1405630409737397_1811395285827572",2017-08-06,"link","We are mitu",2078,98358,1464,8,69,189,19
"1405630409737397_1811395725827528",2017-08-06,"link","We are mitu",9587,225397,6419,10,144,302,27
"1405630409737397_1811395965827504",2017-08-06,"link","We are mitu",1359,142689,15297,164,78,1482,231
"1405630409737397_1811399322493835",2017-08-04,"photo","We are mitu",53,1153214,459833,0,9464,23411,2447
"1405630409737397_1811402645826836",2017-08-04,"photo","We are mitu",201,2698475,1906160,0,26653,76485,11047
"1405630409737397_1811414905825610",2017-08-05,"photo","We are mitu",9,210721,22865,0,388,2057,258
"1405630409737397_1811419072491860",2017-08-05,"photo","We are mitu",24,112201,8010,0,131,1086,131
"1405630409737397_1811429645824136",2017-08-06,"link","We are mitu",1421,130975,4837,12,17,575,38
"1405630409737397_1811430632490704",2017-08-06,"link","We are mitu",6005,191258,4724,165,28,319,44
"1405630409737397_1811432565823844",2017-08-05,"photo","We are mitu",31,138876,10957,0,183,1171,148
"1405630409737397_1811434335823667",2017-08-05,"photo","We are mitu",139,693319,264061,0,2012,18176,3574
"1405630409737397_1811443285822772",2017-08-04,"video","We are mitu",74,597901,104572,188691,2139,4395,544
"1405630409737397_1811443969156037",2017-08-05,"photo","We are mitu",120,537665,113690,0,1674,7517,942
"1405630409737397_1811444419155992",2017-08-05,"photo","We are mitu",131,2033917,1073863,0,12169,37284,4057
"1405630409737397_1811444992489268",2017-08-04,"link","We are mitu",777,117463,8475,70,146,912,92
"1405630409737397_1811463202487447",2017-08-05,"video","We are mitu",99,185719,2942,80405,95,418,53
"1405630409737397_1811479992485768",2017-08-04,"link","We are mitu",9548,291202,32336,23,104,1630,194
"1405630409737397_1811480785819022",2017-08-04,"link","We are mitu",1022,93947,980,127,36,170,7
"1405630409737397_1811574082476359",2017-08-05,"video","We are mitu",88,674669,184970,212807,1835,5337,1058
"1405630409737397_1811806009119833",2017-08-05,"video","We are mitu",159,418456,4203,106936,21,549,0
"1405630409737397_1811905129109921",2017-08-05,"video","We are mitu",135,654808,19082,165280,392,1638,0
"1405630409737397_1812021752431592",2017-08-06,"video","We are mitu",77,2561203,1158266,626248,37377,13499,3636
"1405630409737397_1812400765727024",2017-08-06,"video","We are mitu",94,1087225,123058,368879,2779,4875,0
"1405630409737397_1812532335713867",2017-08-07,"link","We are mitu",3318,184124,10829,7,385,347,64
"1405630409737397_1812539029046531",2017-08-07,"link","We are mitu",1214,201421,40040,58,444,3277,361
"1405630409737397_1812557842377983",2017-08-07,"video","We are mitu",95,3180919,1932102,772807,29688,34752,8521
"1405630409737397_1812565029043931",2017-08-07,"photo","We are mitu",5,229016,31153,0,446,3195,300
"1405630409737397_1812565909043843",2017-08-07,"photo","We are mitu",56,1707694,936096,0,10765,42968,8221
"1405630409737397_1812755529024881",2017-08-07,"photo","We are mitu",49,543726,118296,0,2768,7442,762
"1405630409737397_1812765002357267",2017-08-07,"video","We are mitu",196,2714396,1364226,699173,5450,17281,5946
"1405630409737397_1812776699022764",2017-08-07,"video","We are mitu",114,6136697,1567780,1857349,11614,30829,9154
"1405630409737397_1812808465686254",2017-08-07,"link","We are mitu",743,113611,806,128,32,114,0
"1405630409737397_1812819225685178",2017-08-07,"video","We are mitu",40,2754592,1369257,823919,28080,21992,5234
"1405630409737397_1812820475685053",2017-08-07,"photo","We are mitu",57,346939,75283,0,698,6951,772
"1405630409737397_1812820839018350",2017-08-07,"photo","We are mitu",32,1246109,585798,0,7543,36091,4095
"1405630409737397_1812842625682838",2017-08-08,"video","We are mitu",77,437631,96160,201026,1016,6598,1436
"1405630409737397_1812851262348641",2017-08-07,"link","We are mitu",651,55314,985,248,16,240,17
"1405630409737397_1812859345681166",2017-08-08,"photo","We are mitu",34,598888,177566,0,2661,11998,1739
"1405630409737397_1812886949011739",2017-08-07,"video","We are mitu",97,788110,48306,307797,957,3370,0
"1405630409737397_1812897452344022",2017-08-08,"photo","We are mitu",67,242942,35202,0,507,3360,359
"1405630409737397_1812899655677135",2017-08-07,"link","We are mitu",224,40755,238,142,1,77,7
"1405630409737397_1812914842342283",2017-08-07,"link","We are mitu",4404,207916,14473,123,79,526,233
"1405630409737397_1812920185675082",2017-08-08,"photo","We are mitu",41,410181,62238,0,1064,4231,635
"1405630409737397_1812921389008295",2017-08-08,"photo","We are mitu",63,342702,53461,0,598,4492,393
"1405630409737397_1812944442339323",2017-08-07,"link","We are mitu",284,67178,453,3,12,104,0
"1405630409737397_1812953685671732",2017-08-07,"video","We are mitu",1239,1658556,473393,511773,2459,11065,3595
"1405630409737397_1813145375652563",2017-08-08,"link","We are mitu",4991,143846,2147,127,68,143,14
"1405630409737397_1813185492315218",2017-08-08,"link","We are mitu",651,71770,971,4,2,209,0
"1405630409737397_1813188838981550",2017-08-08,"video","We are mitu",10524,10633494,1816497,3233891,5074,59186,7835
"1405630409737397_1813230698977364",2017-08-08,"link","We are mitu",3664,209618,10386,147,288,794,0
"1405630409737397_1813249938975440",2017-08-08,"photo","We are mitu",59,987496,354599,0,5785,21642,3201
"1405630409737397_1813303135636787",2017-08-08,"photo","We are mitu",23,613180,174361,0,1901,13524,1705
"1405630409737397_1813306022303165",2017-08-08,"link","We are mitu",897,59342,324,7,25,77,3
"1405630409737397_1813323982301369",2017-08-08,"video","We are mitu",76,538843,93979,155335,1833,6462,1239
"1405630409737397_1813341318966302",2017-08-08,"video","We are mitu",76,422691,19885,100814,181,1972,0
"1405630409737397_1813348972298870",2017-08-09,"link","We are mitu",2161,243614,9156,11,157,1033,261
"1405630409737397_1813409432292824",2017-08-08,"link","We are mitu",3260,146535,1456,113,47,90,0
"1405630409737397_1813446422289125",2017-08-09,"video","We are mitu",74,1865006,898018,404816,14334,34784,7120
"1405630409737397_1813483328952101",2017-08-09,"photo","We are mitu",34,268508,30686,0,618,2784,323
"1405630409737397_1813493048951129",2017-08-09,"photo","We are mitu",71,376288,54107,0,1606,4807,437
"1405630409737397_1813583262275441",2017-08-09,"link","We are mitu",485,76346,1184,50,11,286,11
"1405630409737397_1813636585603442",2017-08-09,"link","We are mitu",1721,92487,4848,22,79,329,60
"1405630409737397_1813666985600402",2017-08-09,"video","We are mitu",79,345037,21473,124774,915,3794,0
"1405630409737397_1813688405598260",2017-08-09,"link","We are mitu",391,53656,404,169,9,73,0
"1405630409737397_1813703928930041",2017-08-09,"photo","We are mitu",85,614455,145717,0,3650,8129,664
"1405630409737397_1813712168929217",2017-08-09,"video","We are mitu",182,8320499,6128908,3653385,83226,134594,39566
"1405630409737397_1813718225595278",2017-08-09,"link","We are mitu",16194,415942,53093,28,516,1443,281
"1405630409737397_1813744272259340",2017-08-10,"photo","We are mitu",54,523607,138324,0,2481,10167,1263
"1405630409737397_1813744482259319",2017-08-09,"photo","We are mitu",103,828317,354058,0,2174,23087,3010
"1405630409737397_1813744668925967",2017-08-10,"photo","We are mitu",44,664595,256535,0,3412,17870,2702
"1405630409737397_1813756362258131",2017-08-09,"photo","We are mitu",50,481516,140178,0,1484,14006,1388
"1405630409737397_1813786902255077",2017-08-09,"video","We are mitu",72,813593,129037,233990,2491,38893,632
"1405630409737397_1813806695586431",2017-08-09,"link","We are mitu",5178,208586,19702,285,195,2503,0
"1405630409737397_1813811295585971",2017-08-09,"video","We are mitu",170,2010374,1080518,848057,12318,37843,7666
"1405630409737397_1813815858918848",2017-08-11,"video","We are mitu",97,2103419,168302,572436,747,5450,876
"1405630409737397_1813894602244307",2017-08-09,"link","We are mitu",30412,855805,200146,164,1603,17511,0
"1405630409737397_1814081405558960",2017-08-10,"link","We are mitu",417,78065,247,2,16,75,0
"1405630409737397_1814131018887332",2017-08-10,"video","We are mitu",74,1088884,371315,370450,5187,16521,3929
"1405630409737397_1814137592220008",2017-08-10,"link","We are mitu",6567,367966,43740,19,1441,1645,336
"1405630409737397_1814150562218711",2017-08-10,"video","We are mitu",137,238294,4635,42001,15,365,0
"1405630409737397_1814154085551692",2017-08-10,"photo","We are mitu",39,1238354,648405,0,6653,39709,6164
"1405630409737397_1814154485551652",2017-08-10,"photo","We are mitu",25,322824,50765,0,1172,4335,569
"1405630409737397_1814177765549324",2017-08-10,"video","We are mitu",222,720821,139807,207874,221,3390,621
"1405630409737397_1814183958882038",2017-08-10,"link","We are mitu",1701,71672,1533,69,48,231,11
"1405630409737397_1814188538881580",2017-08-10,"photo","We are mitu",64,1739167,915206,0,9542,14914,4095
"1405630409737397_1814202215546879",2017-08-10,"link","We are mitu",2856,213965,21172,235,271,1886,245
"1405630409737397_1814225765544524",2017-08-12,"link","We are mitu",4003,187131,3595,37,163,383,44
"1405630409737397_1814262555540845",2017-08-10,"link","We are mitu",363,66174,365,5,2,130,0
"1405630409737397_1814278815539219",2017-08-10,"link","We are mitu",608,280861,74,1,4,192,8
"1405630409737397_1814292985537802",2017-08-11,"link","We are mitu",9608,252248,32250,14,151,2721,324
"1405630409737397_1814297798870654",2017-08-10,"video","We are mitu",32,722168,83802,253215,4697,4427,603
"1405630409737397_1814303912203376",2017-08-14,"link","We are mitu",64940,915881,265896,11,1483,13893,1230
"1405630409737397_1814313325535768",2017-08-11,"photo","We are mitu",25,587001,160521,0,2346,10510,1508
"1405630409737397_1814319072201860",2017-08-11,"video","We are mitu",46,891609,193510,276472,3248,8183,2032
"1405630409737397_1814333225533778",2017-08-11,"photo","We are mitu",77,938256,432921,0,4645,29720,4366
"1405630409737397_1814333502200417",2017-08-11,"photo","We are mitu",41,235956,26619,0,433,2944,269
"1405630409737397_1814359548864479",2017-08-10,"link","We are mitu",372,70708,879,118,15,105,24
"1405630409737397_1814594172174350",2017-08-11,"link","We are mitu",884,86045,434,61,26,50,0
"1405630409737397_1814682778832156",2017-08-11,"link","We are mitu",171,25955,8,28,1,19,0
"1405630409737397_1814689448831489",2017-08-11,"link","We are mitu",1343,72624,704,2,12,85,11
"1405630409737397_1814708598829574",2017-08-13,"link","We are mitu",2660,162744,4980,198,27,482,58
"1405630409737397_1814716692162098",2017-08-13,"link","We are mitu",708,93731,1860,0,11,292,37
"1405630409737397_1814722495494851",2017-08-11,"photo","We are mitu",55,366616,63732,0,1174,4635,615
"1405630409737397_1814722712161496",2017-08-11,"photo","We are mitu",19,572962,116932,0,2898,7860,921
"1405630409737397_1814723148828119",2017-08-12,"photo","We are mitu",174,577178,137340,0,2893,8018,1287
"1405630409737397_1814732748827159",2017-08-13,"link","We are mitu",2937,137630,3072,112,44,212,26
"1405630409737397_1814736442160123",2017-08-11,"link","We are mitu",1265,81660,389,7,10,78,0
"1405630409737397_1814772018823232",2017-08-11,"video","We are mitu",65,173153,356,33013,19,100,0
"1405630409737397_1814780085489092",2017-08-12,"link","We are mitu",3520,213697,10519,175,179,923,93
"1405630409737397_1814783635488737",2017-08-12,"video","We are mitu",130,2131947,981809,498629,24503,24684,4475
"1405630409737397_1814783932155374",2017-08-11,"video","We are mitu",33,383632,26668,113700,682,1533,310
"1405630409737397_1814787728821661",2017-08-11,"link","We are mitu",610,49563,108,101,6,32,2
"1405630409737397_1814791945487906",2017-08-13,"video","We are mitu",71,1393994,572055,500642,7498,23649,4431
"1405630409737397_1814801155486985",2017-08-12,"video","We are mitu",145,1132096,435486,392782,3287,16514,5222
"1405630409737397_1814813208819113",2017-08-12,"link","We are mitu",2897,194760,1462,5,5,259,8
"1405630409737397_1814816495485451",2017-08-13,"link","We are mitu",3902,175461,12320,6,61,1211,171
"1405630409737397_1814818868818547",2017-08-13,"video","We are mitu",138,2686520,1125148,666046,8283,22361,6992
"1405630409737397_1814825228817911",2017-08-11,"link","We are mitu",334,87221,1619,89,4,352,27
"1405630409737397_1814826345484466",2017-08-11,"photo","We are mitu",22,384978,105940,0,535,10278,1842
"1405630409737397_1814830402150727",2017-08-12,"photo","We are mitu",43,224649,25155,0,282,2742,329
"1405630409737397_1814831732150594",2017-08-12,"photo","We are mitu",58,384460,73429,0,513,6737,800
"1405630409737397_1814832095483891",2017-08-12,"photo","We are mitu",39,818927,270899,0,3429,13668,2549
"1405630409737397_1814832562150511",2017-08-12,"photo","We are mitu",40,363640,72667,0,359,7175,685
"1405630409737397_1814834158817018",2017-08-12,"photo","We are mitu",70,216456,17798,0,126,2908,120
"1405630409737397_1814955115471589",2017-08-12,"video","We are mitu",101,194081,7345,42749,216,1107,154
"1405630409737397_1815048988795535",2017-08-12,"link","We are mitu",21310,546027,57092,24,100,3492,203
"1405630409737397_1815129765454124",2017-08-12,"link","We are mitu",14320,541403,80476,101,757,4572,496
"1405630409737397_1815226772111090",2017-08-12,"video","We are mitu",91,942893,109408,225551,1029,8305,1
"1405630409737397_1815249778775456",2017-08-12,"link","We are mitu",1306,103675,1813,76,4,363,0
"1405630409737397_1815441935422907",2017-08-13,"video","We are mitu",46,184493,6606,57085,194,598,89
"1405630409737397_1815443502089417",2017-08-13,"photo","We are mitu",29,476294,86540,0,1879,6859,646
"1405630409737397_1815443922089375",2017-08-13,"photo","We are mitu",73,833120,298013,0,3661,17868,3100
"1405630409737397_1815444405422660",2017-08-13,"photo","We are mitu",61,472830,88085,0,1477,5921,913
"1405630409737397_1815444535422647",2017-08-13,"photo","We are mitu",49,295405,24789,0,468,2526,189
"1405630409737397_1815513735415727",2017-08-13,"link","We are mitu",840,109765,731,40,14,213,0
"1405630409737397_1815713208729113",2017-08-13,"photo","We are mitu",41,569202,161460,0,1910,13976,1725
"1405630409737397_1815718192061948",2017-08-13,"photo","We are mitu",37,503125,122682,0,1929,9542,1481
"1405630409737397_1815723985394702",2017-08-14,"video","We are mitu",112,505740,77041,194987,1921,3514,711
"1405630409737397_1815747675392333",2017-08-13,"video","We are mitu",54,1254501,258753,274124,9861,5187,1120
"1405630409737397_1815804332053334",2017-08-13,"link","We are mitu",281,56644,139,108,0,65,0
"1405630409737397_1815865848713849",2017-08-14,"video","We are mitu",186,516567,59023,122733,257,3128,450
"1405630409737397_1815908575376243",2017-08-14,"photo","We are mitu",261,2570876,1506260,0,41171,47531,7686
"1405630409737397_1815908792042888",2017-08-14,"photo","We are mitu",22,296622,30670,0,910,2521,215
"1405630409737397_1816018368698597",2017-08-14,"link","We are mitu",381,70400,81,79,5,38,0
"1405630409737397_1816063708694063",2017-08-14,"link","We are mitu",3969,171791,3873,90,20,156,4
"1405630409737397_1816128648687569",2017-08-14,"photo","We are mitu",71,781761,282168,0,3338,14588,2214
"1405630409737397_1816129262020841",2017-08-14,"photo","We are mitu",61,104007,5955,0,62,990,90
"1405630409737397_1816211528679281",2017-08-14,"link","We are mitu",1741,192404,1024,6,22,158,10
"1405630409737397_1816221088678325",2017-08-14,"video","We are mitu",101,1064214,284433,384656,2261,19852,1460
"1405630409737397_1816221798678254",2017-08-14,"link","We are mitu",3214,208212,5688,105,370,527,39
"1405630409737397_1816258545341246",2017-08-15,"photo","We are mitu",24,809369,296009,0,4817,21910,2810
"1405630409737397_1816264225340678",2017-08-14,"link","We are mitu",2441,272085,13315,107,186,1187,107
"1405630409737397_1816270745340026",2017-08-14,"video","We are mitu",65,802588,189281,249945,3797,9779,1888
"1405630409737397_1816281968672237",2017-08-14,"photo","We are mitu",43,144915,33003,0,76,2615,270
"1405630409737397_1816283328672101",2017-08-15,"photo","We are mitu",59,380719,86190,0,1692,6316,728
"1405630409737397_1816283918672042",2017-08-15,"video","We are mitu",126,541328,50437,114569,2481,2488,593
"1405630409737397_1816285308671903",2017-08-15,"photo","We are mitu",136,358326,54544,0,1161,4746,590
"1405630409737397_1816285635338537",2017-08-14,"photo","We are mitu",36,352711,56524,0,1201,5274,369
"1405630409737397_1816288795338221",2017-08-15,"link","We are mitu",896,121911,2796,272,99,197,34
"1405630409737397_1816497691983998",2017-08-15,"link","We are mitu",10417,173220,1408,50,6,258,6
"1405630409737397_1816544371979330",2017-08-15,"link","We are mitu",12243,372750,9582,15,288,2437,134
"1405630409737397_1816592978641136",2017-08-15,"video","We are mitu",83,1448623,183178,318291,308,13553,0
"1405630409737397_1816607935306307",2017-08-15,"video","We are mitu",2693,4291782,2719761,1480926,32852,63063,19516
"1405630409737397_1816615331972234",2017-08-15,"link","We are mitu",565,94698,2980,84,23,429,41
"1405630409737397_1816630895304011",2017-08-15,"video","We are mitu",29,368157,52460,100583,245,1881,320
"1405630409737397_1816637431970024",2017-08-15,"photo","We are mitu",15,180994,20791,0,236,2455,377
"1405630409737397_1816640871969680",2017-08-15,"photo","We are mitu",16,277266,37986,0,920,3778,292
"1405630409737397_1816643671969400",2017-08-15,"video","We are mitu",79,2953083,1732356,1575918,27886,46242,9417
"1405630409737397_1816685931965174",2017-08-16,"video","We are mitu",102,2815674,662223,804502,5010,14963,3799
"1405630409737397_1816702808630153",2017-08-16,"video","We are mitu",99,70374,1808,11374,3,99,11
"1405630409737397_1816714908628943",2017-08-15,"photo","We are mitu",18,531942,151440,0,2366,10457,1384
"1405630409737397_1816732455293855",2017-08-15,"link","We are mitu",350,77959,2447,6,8,460,39
"1405630409737397_1816779568622477",2017-08-16,"video","We are mitu",222,1527115,55863,406388,141,4654,178
"1405630409737397_1816787558621678",2017-08-17,"link","We are mitu",190,48320,1474,76,10,201,42
"1405630409737397_1816894058611028",2017-08-16,"photo","We are mitu",14,475712,141573,0,1938,9981,1373
"1405630409737397_1816895501944217",2017-08-16,"video","We are mitu",37,124395,3324,39806,183,437,66
"1405630409737397_1816901101943657",2017-08-16,"photo","We are mitu",84,489007,142845,0,2119,10343,1592
"1405630409737397_1817066515260449",2017-08-16,"link","We are mitu",1714,137295,2279,3,75,236,0
"1405630409737397_1817077505259350",2017-08-16,"link","We are mitu",857,80046,2587,2,9,690,30
"1405630409737397_1817115798588854",2017-08-16,"link","We are mitu",2992,236240,19015,129,88,1594,201
"1405630409737397_1817125588587875",2017-08-16,"photo","We are mitu",25,344506,63083,0,1578,5129,460
"1405630409737397_1817126318587802",2017-08-16,"photo","We are mitu",86,622750,151005,0,3856,7875,1239
"1405630409737397_1817243721909395",2017-08-16,"link","We are mitu",10428,238288,5957,110,93,853,0
"1405630409737397_1817248458575588",2017-08-17,"link","We are mitu",3147,154240,12290,92,47,1541,197
"1405630409737397_1817249098575524",2017-08-19,"link","We are mitu",1918,126065,1480,6,23,238,14
"1405630409737397_1817258138574620",2017-08-18,"link","We are mitu",4011,165226,772,281,10,123,10
"1405630409737397_1817262131907554",2017-08-16,"video","We are mitu",228,136755,2298,57555,105,300,38
"1405630409737397_1817264415240659",2017-08-16,"link","We are mitu",81772,995754,250848,163,1587,7348,1709
"1405630409737397_1817272638573170",2017-08-16,"photo","We are mitu",124,388536,90581,0,1475,8738,954
"1405630409737397_1817284295238671",2017-08-16,"photo","We are mitu",170,733539,199673,0,6849,11138,1354
"1405630409737397_1817294235237677",2017-08-17,"video","We are mitu",160,7038380,4665036,1993474,25318,109325,37290
"1405630409737397_1817376091896158",2017-08-17,"video","We are mitu",54,332516,29441,110665,741,2665,583
"1405630409737397_1817378435229257",2017-08-17,"photo","We are mitu",68,298957,42744,0,897,3612,362
"1405630409737397_1817380488562385",2017-08-17,"photo","We are mitu",61,843932,315064,0,4592,19771,3405
"1405630409737397_1817561981877569",2017-08-17,"link","We are mitu",117,18750,34,2,6,57,0
"1405630409737397_1817583681875399",2017-08-17,"video","We are mitu",40,251802,669,55619,13,104,0
"1405630409737397_1817592091874558",2017-08-17,"video","We are mitu",89,2033292,502621,781408,362,7217,960
"1405630409737397_1817611978539236",2017-08-17,"video","We are mitu",107,689637,297350,85150,682,5313,415
"1405630409737397_1817613991872368",2017-08-17,"photo","We are mitu",58,1162382,438755,0,13135,18454,2676
"1405630409737397_1817615058538928",2017-08-17,"photo","We are mitu",63,98483,39086,0,30,327,26
"1405630409737397_1817620221871745",2017-08-17,"video","We are mitu",51,1785131,760217,665354,14068,21316,4172
"1405630409737397_1817621008538333",2017-08-17,"link","We are mitu",25351,619613,80774,15,1129,3617,369
"1405630409737397_1817709598529474",2017-08-17,"link","We are mitu",650,87630,832,248,0,304,1
"1405630409737397_1817718465195254",2017-08-17,"photo","We are mitu",72,243025,21886,0,518,2824,243
"1405630409737397_1817718728528561",2017-08-18,"photo","We are mitu",9,272313,40834,0,549,4021,544
"1405630409737397_1817726375194463",2017-08-18,"video","We are mitu",69,1037871,126225,305562,5947,6262,646
"1405630409737397_1817753248525109",2017-08-20,"link","We are mitu",2907,209490,5893,14,81,491,69
"1405630409737397_1817806285186472",2017-08-17,"link","We are mitu",5023,208979,1392,20,34,165,0
"1405630409737397_1817940375173063",2017-08-18,"photo","We are mitu",44,385628,70909,0,1493,4786,900
"1405630409737397_1818015601832207",2017-08-18,"link","We are mitu",979,109628,4010,3,25,1088,0
"1405630409737397_1818079638492470",2017-08-18,"link","We are mitu",376,67553,244,103,9,106,0
"1405630409737397_1818118528488581",2017-08-18,"photo","We are mitu",87,241745,42357,0,354,5247,833
"1405630409737397_1818118808488553",2017-08-18,"link","We are mitu",25258,502450,181638,142,1750,8848,1952
"1405630409737397_1818134865153614",2017-08-18,"photo","We are mitu",35,268105,35850,0,514,4480,452
"1405630409737397_1818145068485927",2017-08-18,"photo","We are mitu",20,443018,114502,0,1014,10424,1469
"1405630409737397_1818148988485535",2017-08-18,"video","We are mitu",87,869367,79361,217075,713,2763,649
"1405630409737397_1818153005151800",2017-08-18,"link","We are mitu",6522,258516,22418,84,565,1162,177
"1405630409737397_1818166835150417",2017-08-18,"photo","We are mitu",47,472464,117094,0,1754,8827,1496
"1405630409737397_1818168318483602",2017-08-18,"video","We are mitu",170,3286723,1733273,1279342,19883,56943,16586
"1405630409737397_1818193871814380",2017-08-18,"video","We are mitu",151,645462,40224,207830,378,5530,0
"1405630409737397_1818210945146006",2017-08-19,"video","We are mitu",100,3193206,1522044,893548,5001,30752,12228
"1405630409737397_1818228311810936",2017-08-18,"link","We are mitu",1447,78955,371,5,5,98,8
"1405630409737397_1818238855143215",2017-08-20,"link","We are mitu",1776,143813,2704,148,32,221,38
"1405630409737397_1818300945137006",2017-08-19,"photo","We are mitu",26,263466,18594,0,240,3374,138
"1405630409737397_1818301171803650",2017-08-19,"photo","We are mitu",97,865670,298598,0,4720,19940,3281
"1405630409737397_1818301765136924",2017-08-19,"photo","We are mitu",11,168993,15743,0,290,1980,238
"1405630409737397_1818474825119618",2017-08-19,"link","We are mitu",1152,102860,1039,5,7,291,0
"1405630409737397_1818488308451603",2017-08-19,"link","We are mitu",3581,203912,7476,10,125,595,96
"1405630409737397_1818489155118185",2017-08-19,"link","We are mitu",972,134810,2715,142,88,256,42
"1405630409737397_1818493161784451",2017-08-20,"link","We are mitu",232,45566,130,2,3,45,7
"1405630409737397_1818500135117087",2017-08-20,"link","We are mitu",3581,185272,11565,125,71,806,199
"1405630409737397_1818562708444163",2017-08-19,"photo","We are mitu",9,471646,76605,0,1682,6940,423
"1405630409737397_1818697515097349",2017-08-19,"photo","We are mitu",35,1060465,355481,0,6142,20053,2583
"1405630409737397_1818702291763538",2017-08-19,"video","We are mitu",48,2329526,1081661,644030,2370,32154,8221
"1405630409737397_1818729975094103",2017-08-20,"video","We are mitu",82,1436360,229884,326484,1863,4965,1395
"1405630409737397_1818743401759427",2017-08-19,"video","We are mitu",33,643368,47173,253701,176,5391,0
"1405630409737397_1818772351756532",2017-08-19,"link","We are mitu",266,74957,128,329,6,47,0
"1405630409737397_1818781021755665",2017-08-19,"video","We are mitu",44,231785,5416,79430,255,535,90
"1405630409737397_1818787145088386",2017-08-19,"photo","We are mitu",32,418328,85270,0,762,10164,965
"1405630409737397_1818788458421588",2017-08-20,"photo","We are mitu",3,138652,8072,0,57,1494,136
"1405630409737397_1818838811749886",2017-08-20,"photo","We are mitu",12,336978,41854,0,643,4840,458
"1405630409737397_1818839095083191",2017-08-20,"photo","We are mitu",60,377951,43961,0,456,4544,481
"1405630409737397_1819106851723082",2017-08-21,"link","We are mitu",13375,301733,20463,137,160,1141,190
"1405630409737397_1819142708386163",2017-08-21,"link","We are mitu",1258,79004,1155,1,60,151,19
"1405630409737397_1819163335050767",2017-08-20,"video","We are mitu",26,229919,5140,97140,567,523,49
"1405630409737397_1819165865050514",2017-08-20,"photo","We are mitu",42,485493,73875,0,2293,5487,580
"1405630409737397_1819245098375924",2017-08-20,"video","We are mitu",31,195738,1753,48323,23,564,0
"1405630409737397_1819262935040807",2017-08-20,"link","We are mitu",186,56133,84,221,1,55,0
"1405630409737397_1819287611705006",2017-08-20,"photo","We are mitu",22,160440,5821,0,98,924,57
"1405630409737397_1819304488369985",2017-08-20,"video","We are mitu",94,641892,106565,202474,3613,8656,1488
"1405630409737397_1819346495032451",2017-08-20,"photo","We are mitu",51,306159,32710,0,709,3997,451
"1405630409737397_1819416165025484",2017-08-21,"photo","We are mitu",114,526893,104971,0,1771,8805,863
"1405630409737397_1819416851692082",2017-08-21,"photo","We are mitu",9,225938,23033,0,501,3688,273
"1405630409737397_1819417568358677",2017-08-21,"photo","We are mitu",54,916913,364267,0,5724,26279,3836
"1405630409737397_1819563975010703",2017-08-21,"link","We are mitu",3326,148317,1612,7,20,262,0
"1405630409737397_1819568745010226",2017-08-21,"video","We are mitu",145,1305970,320325,362544,1889,9442,2748
"1405630409737397_1819620265005074",2017-08-21,"photo","We are mitu",182,920167,351467,0,4936,27338,3825
"1405630409737397_1819657821667985",2017-08-21,"link","We are mitu",47320,1084981,349867,55,4044,12139,2194
"1405630409737397_1819670315000069",2017-08-21,"video","We are mitu",146,881287,222032,325540,2633,14030,2815
"1405630409737397_1819681804998920",2017-08-21,"photo","We are mitu",53,219657,19364,0,384,2803,267
"1405630409737397_1819682064998894",2017-08-22,"photo","We are mitu",52,730255,240746,0,4276,15343,2320
"1405630409737397_1819721411661626",2017-08-22,"video","We are mitu",36,1225132,394294,407552,5429,19126,3731
"1405630409737397_1819725288327905",2017-08-21,"link","We are mitu",7226,244546,9893,478,59,901,80
"1405630409737397_1819726754994425",2017-08-21,"video","We are mitu",176,702563,40637,168335,2630,3411,0
"1405630409737397_1819729364994164",2017-08-21,"video","We are mitu",166,208771,4150,78641,169,577,78
"1405630409737397_1819746004992500",2017-08-21,"photo","We are mitu",138,245025,23875,0,133,3765,199
"1405630409737397_1819746851659082",2017-08-22,"link","We are mitu",5463,166344,1946,91,30,292,22
"1405630409737397_1819747181659049",2017-08-22,"photo","We are mitu",69,173458,18685,0,224,2812,342
"1405630409737397_1819765218323912",2017-08-22,"video","We are mitu",149,1310871,395807,381838,8724,15885,3248
"1405630409737397_1819771004990000",2017-08-22,"video","We are mitu",847,2465227,1211246,684753,7710,32237,12766
"1405630409737397_1819787481655019",2017-08-21,"link","We are mitu",103275,1962056,1022887,47,3995,41791,7136
"1405630409737397_1819994598300974",2017-08-22,"link","We are mitu",868,102431,2761,0,47,508,23
"1405630409737397_1820096118290822",2017-08-22,"video","We are mitu",91,765513,28387,242413,1130,1877,0
"1405630409737397_1820125774954523",2017-08-22,"link","We are mitu",162,27586,50,172,1,48,0
"1405630409737397_1820150501618717",2017-08-22,"video","We are mitu",370,312255,7065,100845,59,542,92
"1405630409737397_1820163811617386",2017-08-22,"photo","We are mitu",27,356373,58739,0,1026,7129,609
"1405630409737397_1820215484945552",2017-08-23,"video","We are mitu",264,2423417,260895,712649,1589,11473,1332
"1405630409737397_1820228184944282",2017-08-22,"link","We are mitu",637,94558,1301,143,4,187,0
"1405630409737397_1820269128273521",2017-08-22,"photo","We are mitu",90,1461499,753141,0,10743,45677,7479
"1405630409737397_1820269334940167",2017-08-22,"video","We are mitu",135,413000,25159,182350,832,1578,190
"1405630409737397_1820269874940113",2017-08-22,"photo","We are mitu",79,654484,124972,0,5653,8153,724
"1405630409737397_1820270214940079",2017-08-23,"video","We are mitu",83,3067799,1527646,1511710,27187,41992,10696
"1405630409737397_1820270454940055",2017-08-23,"video","We are mitu",35,373060,29780,161286,901,3413,353
"1405630409737397_1820271434939957",2017-08-23,"video","We are mitu",62,276965,8648,68212,483,945,119
"1405630409737397_1820275414939559",2017-08-22,"link","We are mitu",15206,354339,61992,172,316,5633,461
"1405630409737397_1820277008272733",2017-08-23,"photo","We are mitu",41,628345,218564,0,993,19675,3138
"1405630409737397_1820277864939314",2017-08-23,"photo","We are mitu",23,604304,186007,0,3104,13409,2194
"1405630409737397_1820278524939248",2017-08-23,"photo","We are mitu",70,396406,104652,0,1029,8536,1465
"1405630409737397_1820294304937670",2017-08-23,"video","We are mitu",107,7860084,2523506,2374955,13661,39154,13248
"1405630409737397_1820476104919490",2017-08-23,"link","We are mitu",14633,489624,164917,6,1680,6638,1887
"1405630409737397_1820549148245519",2017-08-23,"link","We are mitu",238,57754,459,174,3,71,7
"1405630409737397_1820601731573594",2017-08-23,"link","We are mitu",99,51373,114,134,1,64,0
"1405630409737397_1820604588239975",2017-08-23,"link","We are mitu",1819,131765,1245,316,47,166,13
"1405630409737397_1820665564900544",2017-08-23,"photo","We are mitu",35,558178,156746,0,2878,12197,1680
"1405630409737397_1820665778233856",2017-08-24,"photo","We are mitu",11,315418,59494,0,940,6057,888
"1405630409737397_1820665984900502",2017-08-24,"photo","We are mitu",51,278342,34594,0,1016,4843,478
"1405630409737397_1820666334900467",2017-08-23,"photo","We are mitu",31,363426,71740,0,2240,5723,545
"1405630409737397_1820693881564379",2017-08-23,"link","We are mitu",3238,154638,8480,361,29,822,94
"1405630409737397_1820725141561253",2017-08-24,"link","We are mitu",1018,127014,7234,10,8,1013,119
"1405630409737397_1820734708226963",2017-08-24,"link","We are mitu",699,85453,831,89,1,116,11
"1405630409737397_1820750218225412",2017-08-24,"link","We are mitu",1137,82303,2187,157,52,215,17
"1405630409737397_1820751774891923",2017-08-23,"link","We are mitu",4249,304529,28053,21,359,873,154
"1405630409737397_1820883318212102",2017-08-24,"video","We are mitu",57,769656,59769,174230,4064,2759,697
"1405630409737397_1820889024878198",2017-08-24,"video","We are mitu",94,1533856,481766,359326,2556,14253,3204
"1405630409737397_1821109588189475",2017-08-24,"video","We are mitu",71,1156723,209798,280959,420,19567,1
"1405630409737397_1821168391516928",2017-08-24,"video","We are mitu",35,589941,83173,212755,2661,6140,826
"1405630409737397_1821227018177732",2017-08-24,"link","We are mitu",637,170202,12277,244,203,1590,154
"1405630409737397_1821301448170289",2017-08-24,"video","We are mitu",200,257667,1136,65465,41,191,0
"1405630409737397_1821303961503371",2017-08-25,"link","We are mitu",14235,242383,2609,16,17,256,10
"1405630409737397_1821306921503075",2017-08-24,"link","We are mitu",3526,179880,4180,532,46,495,27
"1405630409737397_1821334528166981",2017-08-24,"link","We are mitu",903,131750,2014,6,53,245,15
"1405630409737397_1821342091499558",2017-08-24,"link","We are mitu",2299,387391,66821,73,746,5688,780
"1405630409737397_1821342771499490",2017-08-24,"link","We are mitu",2034,428077,89221,51,1066,7828,1031
"1405630409737397_1821368031496964",2017-08-24,"link","We are mitu",2229,355011,45765,41,537,3943,495
"1405630409737397_1821385001495267",2017-08-25,"link","We are mitu",1683,104466,873,6,17,167,0
"1405630409737397_1821467848153649",2017-08-25,"link","We are mitu",743,95449,1779,210,34,216,31
"1405630409737397_1821541474812953",2017-08-25,"video","We are mitu",70,400673,19037,155619,971,1161,171
"1405630409737397_1821542858146148",2017-08-25,"photo","We are mitu",73,509039,113638,0,2344,10360,1259
"1405630409737397_1821543314812769",2017-08-25,"photo","We are mitu",12,255857,48189,0,663,3896,552
"1405630409737397_1821708801462887",2017-08-27,"link","We are mitu",548,78991,476,3,4,100,12
"1405630409737397_1821716298128804",2017-08-25,"link","We are mitu",1374,99767,1043,131,9,154,16
"1405630409737397_1821717584795342",2017-08-25,"video","We are mitu",175,2980305,1604013,927040,15514,53304,16469
"1405630409737397_1821748971458870",2017-08-27,"link","We are mitu",601,65423,710,6,45,142,23
"1405630409737397_1821829188117515",2017-08-25,"photo","We are mitu",114,1127706,421002,0,7964,22801,3460
"1405630409737397_1821840728116361",2017-08-26,"link","We are mitu",3773,201232,5631,69,168,387,44
"1405630409737397_1821876071446160",2017-08-25,"photo","We are mitu",106,591814,131068,0,3685,10877,897
"1405630409737397_1821876558112778",2017-08-25,"video","We are mitu",67,1517396,459173,511969,12493,16422,3846
"1405630409737397_1821878471445920",2017-08-25,"photo","We are mitu",11,637414,103492,0,4214,6406,890
"1405630409737397_1821879648112469",2017-08-25,"photo","We are mitu",34,635153,230432,0,2180,16488,2633
"1405630409737397_1821930768107357",2017-08-26,"link","We are mitu",4130,236920,2447,242,14,449,8
"1405630409737397_1821947234772377",2017-08-27,"link","We are mitu",1632,175619,5856,37,90,690,60
"1405630409737397_1821952031438564",2017-08-26,"link","We are mitu",3403,210050,9957,15,20,666,88
"1405630409737397_1821955898104844",2017-08-25,"video","We are mitu",82,209076,1034,40386,11,199,0
"1405630409737397_1821962711437496",2017-08-25,"link","We are mitu",1025,78408,898,131,7,117,11
"1405630409737397_1821968211436946",2017-08-26,"photo","We are mitu",8,626797,198303,0,3476,12598,2607
"1405630409737397_1821968511436916",2017-08-26,"photo","We are mitu",73,325757,61153,0,749,5557,785
"1405630409737397_1821968758103558",2017-08-26,"photo","We are mitu",21,226523,19768,0,360,3143,242
"1405630409737397_1822001924766908",2017-08-27,"link","We are mitu",285,65599,261,311,3,104,11
"1405630409737397_1822011858099248",2017-08-26,"link","We are mitu",1000,118292,658,10,19,72,8
"1405630409737397_1822016404765460",2017-08-26,"link","We are mitu",3569,172205,3274,142,18,452,23
"1405630409737397_1822050511428716",2017-08-26,"link","We are mitu",6892,334058,25059,23,551,798,145
"1405630409737397_1822060214761079",2017-08-27,"link","We are mitu",3842,298914,35953,100,147,1601,467
"1405630409737397_1822073241426443",2017-08-26,"video","We are mitu",70,830503,51503,207134,981,2669,416
"1405630409737397_1822089744758126",2017-08-25,"link","We are mitu",1273,244829,13909,16,235,1348,147
"1405630409737397_1822505641383203",2017-08-26,"photo","We are mitu",28,174674,20789,0,357,1797,314
"1405630409737397_1822510934716007",2017-08-26,"video","We are mitu",60,935629,225694,249650,4282,13399,3034
"1405630409737397_1822512641382503",2017-08-26,"photo","We are mitu",61,873736,249258,0,3911,16895,2017
"1405630409737397_1822512938049140",2017-08-26,"photo","We are mitu",28,335209,86761,0,762,8286,1421
"1405630409737397_1822621108038323",2017-08-26,"video","We are mitu",115,157826,449,41132,24,189,0
"1405630409737397_1822718274695273",2017-08-26,"photo","We are mitu",24,356175,94346,0,1057,9641,997
"1405630409737397_1822785828021851",2017-08-26,"photo","We are mitu",33,351597,53849,0,654,6668,760
"1405630409737397_1822808841352883",2017-08-27,"photo","We are mitu",6,176569,6906,0,182,1188,101
"1405630409737397_1823006741333093",2017-08-27,"photo","We are mitu",25,330399,57808,0,1030,6016,672
"1405630409737397_1823027924664308",2017-08-27,"photo","We are mitu",48,261808,31142,0,358,3067,519
"1405630409737397_1823054717994962",2017-08-27,"link","We are mitu",43,22186,25,64,0,32,0
"1405630409737397_1823083911325376",2017-08-27,"video","We are mitu",68,266001,1236,57098,14,291,0
"1405630409737397_1823095891324178",2017-08-27,"photo","We are mitu",48,987614,399746,0,4496,30836,4728
"1405630409737397_1823097461324021",2017-08-27,"video","We are mitu",40,1115914,172226,231287,7129,4546,1287
"1405630409737397_1823218724645228",2017-08-27,"video","We are mitu",103,477289,18612,123714,77,2253,0
"1405630409737397_1823279421305825",2017-08-27,"photo","We are mitu",10,229317,25431,0,588,2878,216
"1405630409737397_1823287744638326",2017-08-27,"photo","We are mitu",29,347886,67669,0,1218,7123,992
"1405630409737397_1823362197964214",2017-08-27,"photo","We are mitu",16,505894,78327,0,1393,8122,428
